"Created-At","From-User","From-User-Id","To-User","To-User-Id","Language","Source","Text","Geo-Location-Latitude","Geo-Location-Longitude","Retweet-Count","Id"
10/5/17 2:09 PM,"OPPO Mobile India",2.313218292E9,,-1.0,"en","<a href='http://www.symphonytools.com' rel='nofollow'>Symphony Tools</a>","OPPO has been granted its FDI proposals from the government & can now open official OPPO stores in India!
Know more… https://t.co/7WL0IEteJv",,,48.0,9.1583641192802304E17
10/4/17 6:04 PM,"SANJAY BAFNA",6.7243846E7,,-1.0,"en","<a href='http://twitter.com/download/android' rel='nofollow'>Twitter for Android</a>","#BREAKING 

Govt of India has approved Chinese Smartphones maker #Oppo Mobile 's Request to Open Single-Brand Retai… https://t.co/STFQn0sOYm",,,37.0,9.1553316758238003E17
10/4/17 2:40 PM,"Reuters Top News",1652541.0,,-1.0,"en","<a href='http://trueanthem.com/' rel='nofollow'>trueAnthem</a>","Chinese smartphones maker Oppo cleared to open own stores in India https://t.co/ZQEwLyfNfW https://t.co/eEPNUaqrHk",,,33.0,9.1548163279408333E17
10/5/17 4:15 PM,"Amit sonu",2.517115579E9,,-1.0,"en","<a href='http://twitter.com/download/android' rel='nofollow'>Twitter for Android</a>","RT @oppomobileindia: OPPO has been granted its FDI proposals from the government & can now open official OPPO stores in India!
Know more: h…",,,48.0,9.1586792370468454E17
10/5/17 4:14 PM,"Parameterless",4.613822915E9,,-1.0,"en","<a href='https://parameterless.com' rel='nofollow'>Parameterless</a>","Oppo gets govt nod to open own stores in India [0.04]: https://t.co/q9bEguC9g3 https://t.co/UEPCAu6Lhc",,,0.0,9.1586779177698509E17
10/5/17 4:14 PM,"OPPO Mobile India",2.313218292E9,"acmania97",1.007008302E9,"en","<a href='https://about.twitter.com/products/tweetdeck' rel='nofollow'>TweetDeck</a>","@acmania97 Dear Atharva. keep an eye on our social media pages. We'll announce it when Nougat update is released fo… https://t.co/ekpRAymI6T",,,0.0,9.1586771534006272E17
10/5/17 4:14 PM,"Priya jain",3.10758855E9,,-1.0,"en","<a href='http://twitter.com/download/android' rel='nofollow'>Twitter for Android</a>","RT @oppomobileindia: RT with #YourBestDiwaliGift to win an #OPPOF3 & we will donate Rs. 20 per video towards kids cricket education.
T&C- h…",,,2389.0,9.158676569300009E17
10/5/17 4:13 PM,"Priya jain",3.10758855E9,"oppomobileindia",2.313218292E9,"en","<a href='http://twitter.com/download/android' rel='nofollow'>Twitter for Android</a>","@oppomobileindia 
 Diwali Edition  is looking so gorgeous 
#OPPOF3 is my dream phone ??
#YourBestDiwaliGift ?
I LOV… https://t.co/envG4gEbvt",,,0.0,9.1586759138984755E17
10/5/17 4:12 PM,"Monique C",1.29156475E8,,-1.0,"en","<a href='http://twitter.com' rel='nofollow'>Twitter Web Client</a>","RT @GaspeeProjectRI: @MSten37 @TaraGranahan Media can choose NOT to play ball by refusing to amplify her tweets, as nat'l media w/ Trump. I…",,,4.0,9.158673998864425E17
10/5/17 4:12 PM,"Priya jain",3.10758855E9,"oppomobileindia",2.313218292E9,"en","<a href='http://twitter.com/download/android' rel='nofollow'>Twitter for Android</a>","@oppomobileindia So awesome ?
 Diwali Edition  is looking so gorgeous 
#OPPOF3 is my dream phone ??
Biggest wish to… https://t.co/42jIkLWyg7",,,0.0,9.1586732870058803E17
10/5/17 4:12 PM,"Priya jain",3.10758855E9,"oppomobileindia",2.313218292E9,"en","<a href='http://twitter.com/download/android' rel='nofollow'>Twitter for Android</a>","@oppomobileindia So awesome ?
 Diwali Edition  is looking so gorgeous 
#OPPOF3 is my dream phone ??
Biggest wish to… https://t.co/IY0t8QwKjl",,,0.0,9.158671649969111E17
10/5/17 4:11 PM,"Priya jain",3.10758855E9,"oppomobileindia",2.313218292E9,"en","<a href='http://twitter.com/download/android' rel='nofollow'>Twitter for Android</a>","@oppomobileindia So awesome ?
 Diwali Edition  is looking so gorgeous 
#OPPOF3 is my dream phone ??
Biggest wish to… https://t.co/KFSQAwg36e",,,0.0,9.1586711789904691E17
10/5/17 4:11 PM,"Priti Nivoriya",7.1328038097184358E17,"oppomobileindia",2.313218292E9,"en","<a href='http://twitter.com/download/android' rel='nofollow'>Twitter for Android</a>","@oppomobileindia #YourBestDiwaliGift.?
#OPPOF3.?
#SelfieExpert. ???
Awesome and beautiful The New… https://t.co/1eKx4E2d0V",,,0.0,9.1586705753035571E17
10/5/17 4:11 PM,"Priya jain",3.10758855E9,"oppomobileindia",2.313218292E9,"en","<a href='http://twitter.com/download/android' rel='nofollow'>Twitter for Android</a>","@oppomobileindia So awesome ?
 Diwali Edition  is looking so gorgeous 
#OPPOF3 is my dream phone ??
Biggest wish to… https://t.co/s5tvSHlTWg",,,0.0,9.1586699944342733E17
10/5/17 4:11 PM,"Aneesh V. Chacko",7.0283285019050394E17,"aneesh401",7.0283285019050394E17,"en","<a href='https://mobile.twitter.com' rel='nofollow'>Mobile Web (M2)</a>","@IamSanjuSamson Not going to respecting 'Nadeem &co '::each batters trying for 200&Vishnu vinod got capacity to dam… https://t.co/lZwUBFybEZ",,,0.0,9.1586699407076966E17
10/5/17 4:11 PM,"CA Kapil Mohan",2.431844738E9,"sirnarendramodi",8.3877149002368205E17,"en","<a href='http://twitter.com/download/android' rel='nofollow'>Twitter for Android</a>","@sirnarendramodi Yes u cud hv taken easy path of no action and status quo
Oppo is becuz u took action and they know… https://t.co/XiTe2lgpei",,,0.0,9.1586697194159718E17
10/5/17 4:10 PM,"Priya jain",3.10758855E9,"oppomobileindia",2.313218292E9,"en","<a href='http://twitter.com/download/android' rel='nofollow'>Twitter for Android</a>","@oppomobileindia So awesome ?
 Diwali Edition  is looking so gorgeous 
#OPPOF3 is my dream phone ??
Biggest wish to… https://t.co/tQRweFu2IY",,,0.0,9.1586689077326643E17
10/5/17 4:10 PM,"Priti Nivoriya",7.1328038097184358E17,,-1.0,"en","<a href='http://twitter.com/download/android' rel='nofollow'>Twitter for Android</a>","RT @oppomobileindia: OPPO has been granted its FDI proposals from the government & can now open official OPPO stores in India!
Know more: h…",,,48.0,9.1586676525452493E17
10/5/17 4:10 PM,"Priya jain",3.10758855E9,"oppomobileindia",2.313218292E9,"en","<a href='http://twitter.com/download/android' rel='nofollow'>Twitter for Android</a>","@oppomobileindia So awesome ?
 Diwali Edition  is looking so gorgeous 
#OPPOF3 is my dream phone ??
Biggest wish to… https://t.co/jii8mM1T3H",,,0.0,9.1586671976729805E17
10/5/17 4:10 PM,"Vishal Chinchore",8.368703121721303E17,,-1.0,"en","<a href='http://twitter.com/download/android' rel='nofollow'>Twitter for Android</a>","I love my dear best great oppo opr team.s memder & T.L.sir ji ?
?
??Great!
?
????????
????????
???????? https://t.co/kSD2qYsRW0",,,0.0,9.1586669909776384E17
10/5/17 4:09 PM,"Jitender Kumar",7.1740049E7,,-1.0,"en","<a href='http://twitter.com/download/android' rel='nofollow'>Twitter for Android</a>","RT @oppomobileindia: RT with #YourBestDiwaliGift to win an #OPPOF3 & we will donate Rs. 20 per video towards kids cricket education.
T&C- h…",,,2389.0,9.1586661996385894E17
10/5/17 4:09 PM,"Priti Nivoriya",7.1328038097184358E17,"oppomobileindia",2.313218292E9,"en","<a href='http://twitter.com/download/android' rel='nofollow'>Twitter for Android</a>","@oppomobileindia #YourBestDiwaliGift.
#OPPOF3
#SelfieExpert
Awesome and beautiful The New #OPPOF3DiwalaEdition
Wish… https://t.co/ffInWDqZO3",,,0.0,9.158665166496768E17
10/5/17 4:08 PM,"Priti Nivoriya",7.1328038097184358E17,"oppomobileindia",2.313218292E9,"en","<a href='http://twitter.com/download/android' rel='nofollow'>Twitter for Android</a>","@oppomobileindia @TimesFreshFace #YourBestDiwaliGift.
#OPPOF3.
#SelfieExpert. 
Awesome and beautiful The New… https://t.co/HaV9nemB40",,,0.0,9.1586627765823488E17
10/5/17 4:08 PM,"ISMA",1.70584618E8,,-1.0,"en","<a href='http://twittbot.net/' rel='nofollow'>twittbot.net</a>","[HD CAPS] RIO HARYANTO X OPPO F1 & F1 Plus Selfie Expert
link https://t.co/XsxxhlrrO6
#RioHaryanto #RioHaryantoF1",,,0.0,9.1586615613252813E17
10/5/17 4:07 PM,"Brad Oppo Ebooks",8.6638933875775488E17,,-1.0,"en","<a href='http://127.0.0.1' rel='nofollow'>brad_oppo_ebooks</a>","pwp been sick and sorry i didnt  because of NTFS I REQUIRE a Windows PC to fix it sometimes.",,,0.0,9.1586601071611494E17
10/5/17 4:03 PM,"Hemang Kothari",3.181859096E9,"oppomobileindia",2.313218292E9,"en","<a href='http://twitter.com/download/android' rel='nofollow'>Twitter for Android</a>","@oppomobileindia Thanks please forwad my request software upgrade version in oppo mostly all mobile there is running on nougat",,,0.0,9.1586496784002253E17
10/5/17 4:01 PM,"OPPO Mobile India",2.313218292E9,"hemang_kothari",3.181859096E9,"en","<a href='https://about.twitter.com/products/tweetdeck' rel='nofollow'>TweetDeck</a>","@hemang_kothari At OPPO, we always strive for customer satisfaction. We have forwarded your feedback to our concerned team.

Rishi
OPPO Care",,,0.0,9.1586445698217165E17
10/5/17 4:01 PM,"Ghafla Kenya",9.361936E7,,-1.0,"en","<a href='https://about.twitter.com/products/tweetdeck' rel='nofollow'>TweetDeck</a>","Complement your style while enjoying top notch efficiency. #OPPOA71KE has got you covered. Just How You Like It… https://t.co/5rqVxCGM4K",,,0.0,9.1586438780132557E17
10/5/17 4:00 PM,"Kenyans.co.ke",3.8737371E7,,-1.0,"en","<a href='http://www.hootsuite.com' rel='nofollow'>Hootsuite</a>","Complement your style while enjoying top notch efficiency. #OPPOA71KE has got you covered. Just How You Like It.… https://t.co/tnKn8jbaRx",,,0.0,9.1586419257762611E17
10/5/17 3:57 PM,"Fanilow1977",1.900975693E9,,-1.0,"en","<a href='http://twitter.com/download/android' rel='nofollow'>Twitter for Android</a>","RT @Ros948021: Mayor Khal Asfour of Bankstown: Tell Sister City, Seoul Yangcheon-gu, S. Korea, That We’re Oppo... https://t.co/wTnE8YTtvD v…",,,1.0,9.158636216741929E17
10/5/17 3:57 PM,"Jigar Thacker, ????",7.3240813E7,,-1.0,"en","<a href='http://twitter.com/download/android' rel='nofollow'>Twitter for Android</a>","RT @oppomobileindia: RT with #YourBestDiwaliGift to win an #OPPOF3 & we will donate Rs. 20 per video towards kids cricket education.
T&C- h…",,,2389.0,9.1586360722897715E17
10/5/17 3:55 PM,"Rajat Mangla  ?",3.266231197E9,"oppomobileindia",2.313218292E9,"en","<a href='http://twitter.com/download/android' rel='nofollow'>Twitter for Android</a>","@oppomobileindia Big Wala Congo To you Team Oppo & ur Fans ( Including me ) ?????",,,0.0,9.1586311459099443E17
10/5/17 3:55 PM,"Rajat Mangla  ?",3.266231197E9,,-1.0,"en","<a href='http://twitter.com/download/android' rel='nofollow'>Twitter for Android</a>","RT @oppomobileindia: OPPO has been granted its FDI proposals from the government & can now open official OPPO stores in India!
Know more: h…",,,48.0,9.1586294082097152E17
10/5/17 3:53 PM,"Bruntha Ramani",7.2825582202376602E17,,-1.0,"en","<a href='http://twitter.com/download/android' rel='nofollow'>Twitter for Android</a>","RT @oppomobileindia: OPPO has been granted its FDI proposals from the government & can now open official OPPO stores in India!
Know more: h…",,,48.0,9.1586252330736435E17
10/5/17 3:53 PM,"Hope Divinagracia",9.0494556320809779E17,,-1.0,"en","<a href='http://twitter.com/download/android' rel='nofollow'>Twitter for Android</a>","RT @smcyberzone: ?#PROMO: Get a chance to win an OPPO F3 Plus!?? FOLLOW @smcyberzone on Instagram for more details! Join here?? https://t.c…",,,1.0,9.1586241459100467E17
10/5/17 3:51 PM,"RAJESH JAIN",1.24685042E8,,-1.0,"en","<a href='http://twitter.com/download/android' rel='nofollow'>Twitter for Android</a>","RT @oppomobileindia: OPPO has been granted its FDI proposals from the government & can now open official OPPO stores in India!
Know more: h…",,,48.0,9.1586208466285773E17
10/5/17 3:49 PM,"Harsha",8.0200669776206234E17,"oppomobileindia",2.313218292E9,"en","<a href='http://twitter.com/download/iphone' rel='nofollow'>Twitter for iPhone</a>","@oppomobileindia Beauty ka Beauty oppo F3 camera",,,0.0,9.1586146223653274E17
10/5/17 3:48 PM,"OPPO Mobile India",2.313218292E9,"AashishDixit31",8.8873825244581888E17,"en","<a href='https://about.twitter.com/products/tweetdeck' rel='nofollow'>TweetDeck</a>","@AashishDixit31 Dear Ashish, it is priced at 18,990/- INR.

Rishi
OPPO Care",,,0.0,9.158613283796992E17
10/5/17 3:46 PM,"??oYeb_?h@!kh?",4.026681132E9,,-1.0,"en","<a href='http://twitter.com/download/android' rel='nofollow'>Twitter for Android</a>","RT @oppomobileindia: OPPO has been granted its FDI proposals from the government & can now open official OPPO stores in India!
Know more: h…",,,48.0,9.1586081830192742E17
10/5/17 3:45 PM,"OPPO Mobile India",2.313218292E9,"anandrajrathod3",7.3727163147985306E17,"en","<a href='https://about.twitter.com/products/tweetdeck' rel='nofollow'>TweetDeck</a>","@anandrajrathod3 We regret your experience. Please elaborate us your experience through DM so that we can assist yo… https://t.co/LE7lblmwJJ",,,0.0,9.1586045976873779E17
10/5/17 3:42 PM,"??oYeb_?h@!kh?",4.026681132E9,,-1.0,"en","<a href='http://twitter.com/download/android' rel='nofollow'>Twitter for Android</a>","RT @OPPOMobileTN: OPPO has been granted its FDI proposals from the government & can now open official OPPO stores in India!
Know more: http…",,,9.0,9.1585982726334054E17
10/5/17 3:40 PM,"Crisil",3.315122568E9,,-1.0,"en","<a href='https://mobile.twitter.com' rel='nofollow'>Mobile Web (M2)</a>","RT @JoshLiaSquad: OPPO shoot ?

? Faye Mosquera https://t.co/0x5bjx7zEd",,,109.0,9.1585911900052275E17
10/5/17 3:38 PM,"Varshal limbachiya",2.837168372E9,,-1.0,"en","<a href='http://twitter.com/download/android' rel='nofollow'>Twitter for Android</a>","RT @OPPOCareIN: @varshalnai7 We're delighted to hear that, Varshal ?

Rishi
OPPO Care",,,1.0,9.1585868197922406E17
10/5/17 3:37 PM,"Naina",2.376715428E9,,-1.0,"en","<a href='https://mobile.twitter.com' rel='nofollow'>Twitter Lite</a>","RT @OPPOMobileTN: OPPO has been granted its FDI proposals from the government & can now open official OPPO stores in India!
Know more: http…",,,9.0,9.1585851039451546E17
10/5/17 3:36 PM,"New Technology",8.7371653804549734E17,,-1.0,"en","<a href='http://publicize.wp.com/' rel='nofollow'>WordPress.com</a>","Tech Q&A # 33 Whats app Group,Oppo & Vivo Updates,Best Bluetooth Speakers,SAR Value… https://t.co/s6inOnaYWQ https://t.co/xexcqYwmVg",,,0.0,9.158582048270336E17
10/5/17 3:35 PM,"Alaksh",4.00496021E8,,-1.0,"en","<a href='http://twitter.com/download/android' rel='nofollow'>Twitter for Android</a>","RT @oppomobileindia: OPPO has been granted its FDI proposals from the government & can now open official OPPO stores in India!
Know more: h…",,,48.0,9.1585807861600256E17
10/5/17 3:32 PM,"ANNA ROSSINI",3.31781734E8,,-1.0,"en","<a href='http://twitter.com' rel='nofollow'>Twitter Web Client</a>","Mayor Khal Asfour of Bankstown: Tell Sister City, Seoul Yangcheon-gu, S. Korea, That We’re Oppo... https://t.co/C9cAnViwKI via @ChangeItalia",,,0.0,9.1585726427946598E17
10/5/17 3:32 PM,"Confused Forever",4.06805714E8,,-1.0,"en","<a href='http://twitter.com' rel='nofollow'>Twitter Web Client</a>","RT @oppomobileindia: RT with #YourBestDiwaliGift to win an #OPPOF3 & we will donate Rs. 20 per video towards kids cricket education.
T&C- h…",,,2389.0,9.1585719661688422E17
10/5/17 3:31 PM,"TNSWorld",8.6527370414570291E17,,-1.0,"en","<a href='https://tns.world/' rel='nofollow'>TNS World</a>","After allowing Chinese smartphone maker Oppo single-brand retail stores, India considers similar approvals for Apple https://t.co/KvhHgxhKfX",,,0.0,9.1585703100062106E17
10/5/17 3:30 PM,"Rushit Shaherawala",7.7964398032567091E17,"TechnicalGuruji",3.992637442E9,"en","<a href='http://twitter.com/download/android' rel='nofollow'>Twitter for Android</a>","@TechnicalGuruji Right!! Oppo nd Vivo..???",,,0.0,9.1585670019160474E17
10/5/17 3:28 PM,"K A V I N",7.4725364618262118E17,,-1.0,"en","<a href='http://twitter.com/download/android' rel='nofollow'>Twitter for Android</a>","RT @oppomobileindia: RT with #YourBestDiwaliGift to win an #OPPOF3 & we will donate Rs. 20 per video towards kids cricket education.
T&C- h…",,,2389.0,9.1585617660410266E17
10/5/17 3:28 PM,"Cyndicat",1.59000733E8,"adamgartrell",4.4535159E7,"en","<a href='https://mobile.twitter.com' rel='nofollow'>Twitter Lite</a>","@adamgartrell @roseannebyrne @BernardKeane Imagine the media shtstorm if they were 'soft on terror' - they can't win on this in oppo",,,0.0,9.1585610599719731E17
10/5/17 3:27 PM,"archana harish",8.17672554E8,,-1.0,"en","<a href='http://twitter.com' rel='nofollow'>Twitter Web Client</a>","RT @oppomobileindia: OPPO has been granted its FDI proposals from the government & can now open official OPPO stores in India!
Know more: h…",,,48.0,9.1585604265060762E17
10/5/17 3:27 PM,"SHAHNAVAZ HALA",9.1585434135692902E17,,-1.0,"en","<a href='http://twitter.com' rel='nofollow'>Twitter Web Client</a>","SPECIAL DIWALI DHAMAKA - OFFER 2017
Buy any Wire Nail Machinery Model
Get Extra Benefits
> 15 % Discount on machine… https://t.co/Iu5sSKzYSW",,,0.0,9.158559875793961E17
10/5/17 3:27 PM,"Android Store",1.95604088E9,,-1.0,"en","<a href='https://dlvrit.com/' rel='nofollow'>dlvr.it</a>","#news #Oppo #Apple Oppo getting ready to open its own offline stores in India: According to information from…… https://t.co/L1N2U8snEn",,,0.0,9.1585585219565978E17
10/5/17 3:25 PM,"????? ????",2.365543466E9,,-1.0,"en","<a href='http://twitter.com/download/android' rel='nofollow'>Twitter for Android</a>","RT @oppomobileindia: OPPO has been granted its FDI proposals from the government & can now open official OPPO stores in India!
Know more: h…",,,48.0,9.1585549259689984E17
10/5/17 3:24 PM,"Raymondo",7.17824139E8,,-1.0,"en","<a href='http://twitter.com/#!/download/ipad' rel='nofollow'>Twitter for iPad</a>","RT @donhutch4: You think u have seen everything on a footy pitch
U18 game in Essex.
The oppo player punches and threatens with acid! They k…",,,12.0,9.158552853985239E17
10/5/17 3:24 PM,"RoHeeti_45",5.60323734E8,"oppomobileindia",2.313218292E9,"en","<a href='http://twitter.com/download/android' rel='nofollow'>Twitter for Android</a>","@oppomobileindia As precious as Deepika's Oppo F3 Rose Gold limited edition. ????",,,0.0,9.1585518806946202E17
10/5/17 3:23 PM,"ACCESSORY MARKET",8.7024731732391936E17,,-1.0,"en","<a href='http://twitter.com' rel='nofollow'>Twitter Web Client</a>","Mobioutlet, #Lcd Display & Touch Screen Digitizer for  #Oppo F1s (White),on #amazon.in
  https://t.co/LkK9yjTjlg",,,0.0,9.1585497451239014E17
10/5/17 3:23 PM,"SMART&PHONE",8.9990049506569011E17,,-1.0,"en","<a href='http://twitter.com/download/iphone' rel='nofollow'>Twitter for iPhone</a>","RT @GizmoChina: OPPO Gets Nod To Open Its Own Branded Brick &amp; Mortar Stores In India https://t.co/5gn1lLT9KQ https://t.co/xFQJHhzhl3",,,4.0,9.158549349602304E17
10/5/17 3:23 PM,"Sheela Jain",9.0903515806119526E17,,-1.0,"en","<a href='http://twitter.com/download/iphone' rel='nofollow'>Twitter for iPhone</a>","RT @oppomobileindia: RT with #YourBestDiwaliGift to win an #OPPOF3 & we will donate Rs. 20 per video towards kids cricket education.
T&C- h…",,,2389.0,9.1585483658259251E17
10/5/17 3:23 PM,"anand raj rathod",7.3727163147985306E17,"oppomobileindia",2.313218292E9,"en","<a href='http://twitter.com' rel='nofollow'>Twitter Web Client</a>","@oppomobileindia my oppo phone is not working its worst mobile i purchased",,,0.0,9.158548228252672E17
10/5/17 3:22 PM,"Arpita",7.2924571027351142E17,,-1.0,"en","<a href='http://twitter.com/download/android' rel='nofollow'>Twitter for Android</a>","RT @oppomobileindia: RT with #YourBestDiwaliGift to win an #OPPOF3 & we will donate Rs. 20 per video towards kids cricket education.
T&C- h…",,,2389.0,9.1585459368205926E17
10/5/17 3:21 PM,"Raghavendra Naidu",7.7084895982907392E17,"oppomobileindia",2.313218292E9,"en","<a href='http://twitter.com/download/android' rel='nofollow'>Twitter for Android</a>","@oppomobileindia Big wish too win @oppomobileindia 

#YourBestDiwaliGift 
#OPPOF3 
#Oppo",,,0.0,9.1585448902158746E17
10/5/17 3:20 PM,"D K",8.8477721024188416E17,,-1.0,"en","<a href='http://twitter.com/download/android' rel='nofollow'>Twitter for Android</a>","RT @oppomobileindia: RT with #YourBestDiwaliGift to win an #OPPOF3 & we will donate Rs. 20 per video towards kids cricket education.
T&C- h…",,,2389.0,9.1585411643317862E17
10/5/17 3:19 PM,"NewsBoss.in",7.5325971202869658E17,,-1.0,"en","<a href='http://NewsBoss.in' rel='nofollow'>NewsBoss.in</a>","Oppo will now be setting up its own single-brand retail stores in India.. https://t.co/MxByGqByIq",,,0.0,9.1585389022183424E17
10/5/17 3:17 PM,"Official Roms",8.381196132967424E17,,-1.0,"en","<a href='http://www.google.com/' rel='nofollow'>Google</a>","I added a video to a @YouTube playlist https://t.co/QTDpzC2Eiz Oppo f1f frp remove google account working 100% 2017",,,0.0,9.1585350296609178E17
10/5/17 3:17 PM,"Sleeping Beauty",4.12953603E8,,-1.0,"en","<a href='http://twitter.com/download/android' rel='nofollow'>Twitter for Android</a>","RT @oppomobileindia: OPPO has been granted its FDI proposals from the government & can now open official OPPO stores in India!
Know more: h…",,,48.0,9.1585344387658138E17
10/5/17 3:16 PM,"Official Roms",8.381196132967424E17,,-1.0,"en","<a href='http://www.google.com/' rel='nofollow'>Google</a>","I added a video to a @YouTube playlist https://t.co/KFKC986AbG Unbrick, Remove pattern lock (lock screen) OPPO F3 (CPH1609)",,,0.0,9.1585325894145638E17
10/5/17 3:16 PM,"?AnimeAviNotis?",2.778535429E9,"HBnotHP",2.189793077E9,"en","<a href='http://twitter.com/download/iphone' rel='nofollow'>Twitter for iPhone</a>","@HBnotHP Not really",,,0.0,9.1585309819480474E17
10/5/17 3:15 PM,"Shashank Gosavi",3.071529512E9,,-1.0,"en","<a href='http://twitter.com/download/android' rel='nofollow'>Twitter for Android</a>","RT @oppomobileindia: RT with #YourBestDiwaliGift to win an #OPPOF3 & we will donate Rs. 20 per video towards kids cricket education.
T&C- h…",,,2389.0,9.1585299625202074E17
10/5/17 3:15 PM,"Aruna Verma",7.1441279160027136E17,,-1.0,"en","<a href='http://twitter.com/download/android' rel='nofollow'>Twitter for Android</a>","RT @oppomobileindia: OPPO has been granted its FDI proposals from the government & can now open official OPPO stores in India!
Know more: h…",,,48.0,9.1585289125623398E17
10/5/17 3:14 PM,"Hemang Kothari",3.181859096E9,,-1.0,"en","<a href='http://twitter.com/download/android' rel='nofollow'>Twitter for Android</a>","RT @oppomobileindia: OPPO has been granted its FDI proposals from the government & can now open official OPPO stores in India!
Know more: h…",,,48.0,9.1585277347161702E17
10/5/17 3:14 PM,"Hemang Kothari",3.181859096E9,"oppomobileindia",2.313218292E9,"en","<a href='http://twitter.com/download/android' rel='nofollow'>Twitter for Android</a>","@oppomobileindia Its a nice f3 mobile but you should give upgrade version to all oppo",,,0.0,9.1585267922982502E17
10/5/17 3:11 PM,"david coverdale",3.40220688E8,,-1.0,"en","<a href='http://twitter.com/download/android' rel='nofollow'>Twitter for Android</a>","RT @donhutch4: You think u have seen everything on a footy pitch
U18 game in Essex.
The oppo player punches and threatens with acid! They k…",,,12.0,9.1585203100867789E17
10/5/17 3:11 PM,"Divya Arjun?Divz?",8.5982556350186701E17,,-1.0,"en","<a href='http://twitter.com/download/android' rel='nofollow'>Twitter for Android</a>","RT @OPPOMobileTN: OPPO has been granted its FDI proposals from the government & can now open official OPPO stores in India!
Know more: http…",,,9.0,9.1585190752813466E17
10/5/17 3:10 PM,"Rails Job Hub",8.4937042979400499E17,,-1.0,"en","<a href='https://freelance-ekr990011.c9users.io/' rel='nofollow'>Rail Job Hub</a>","Ruby on Rails Developer:  If you are a Full Stack ROR Developer interested in starting an exciting new oppo... https://t.co/XTAeDPJqmr",,,0.0,9.1585171456097485E17
10/5/17 3:10 PM,"John Mouland",2.0718523E7,,-1.0,"en","<a href='http://twitter.com/download/android' rel='nofollow'>Twitter for Android</a>","RT @FRFC: After the 3rd consecutive cancellation by our oppo our 2nd XV are looking for a friendly this Sat 7th. Home or local away",,,5.0,9.1585158913035059E17
10/5/17 3:07 PM,"sahukari jagadeesh",9.1584982981679514E17,,-1.0,"en","<a href='http://twitter.com' rel='nofollow'>Twitter Web Client</a>","RT @oppomobileindia: RT with #YourBestDiwaliGift to win an #OPPOF3 & we will donate Rs. 20 per video towards kids cricket education.
T&C- h…",,,2389.0,9.1585102354920653E17
10/5/17 3:07 PM,"Brad Oppo Ebooks",8.6638933875775488E17,,-1.0,"en","<a href='http://127.0.0.1' rel='nofollow'>brad_oppo_ebooks</a>","Worst account ever too exist god I hope your  you want me to be",,,0.0,9.1585090606696448E17
10/5/17 3:06 PM,"Butani Ashish Patel",8.543146516555817E17,,-1.0,"en","<a href='http://twitter.com/download/android' rel='nofollow'>Twitter for Android</a>","RT @oppomobileindia: OPPO has been granted its FDI proposals from the government & can now open official OPPO stores in India!
Know more: h…",,,48.0,9.1585068590360166E17
10/5/17 3:06 PM,"ARJUN K.V",3.50166427E8,,-1.0,"en","<a href='http://twitter.com/download/android' rel='nofollow'>Twitter for Android</a>","RT @oppomobileindia: OPPO has been granted its FDI proposals from the government & can now open official OPPO stores in India!
Know more: h…",,,48.0,9.1585064906505421E17
10/5/17 3:06 PM,"Divya Arjun?Divz?",8.5982556350186701E17,,-1.0,"en","<a href='http://twitter.com/download/android' rel='nofollow'>Twitter for Android</a>","RT @oppomobileindia: OPPO has been granted its FDI proposals from the government & can now open official OPPO stores in India!
Know more: h…",,,48.0,9.1585054722726707E17
10/5/17 3:05 PM,"Rahul Thorat",4.16229982E8,"oppomobileindia",2.313218292E9,"en","<a href='http://twitter.com/download/android' rel='nofollow'>Twitter for Android</a>","@oppomobileindia Well I never win anything. I love to be loved and love oppo. #YourBestDiwaliGift #OPPOF3",,,0.0,9.1585052789997568E17
10/5/17 3:05 PM,"Rajkumari B",4.872913219E9,,-1.0,"en","<a href='http://twitter.com/download/android' rel='nofollow'>Twitter for Android</a>","RT @oppomobileindia: OPPO has been granted its FDI proposals from the government & can now open official OPPO stores in India!
Know more: h…",,,48.0,9.1585049400585421E17
10/5/17 3:05 PM,"Ashish Pandya",1.433371489E9,,-1.0,"en","<a href='http://twitter.com/download/android' rel='nofollow'>Twitter for Android</a>","RT @oppomobileindia: OPPO has been granted its FDI proposals from the government & can now open official OPPO stores in India!
Know more: h…",,,48.0,9.1585048320131891E17
10/5/17 3:03 PM,"Rajkumari B",4.872913219E9,,-1.0,"en","<a href='http://twitter.com/download/android' rel='nofollow'>Twitter for Android</a>","RT @OPPOMobileTN: OPPO has been granted its FDI proposals from the government & can now open official OPPO stores in India!
Know more: http…",,,9.0,9.1585000660245299E17
10/5/17 3:01 PM,"Amandeep Singh",1.734105554E9,,-1.0,"en","<a href='http://twitter.com/download/android' rel='nofollow'>Twitter for Android</a>","RT @oppomobileindia: OPPO has been granted its FDI proposals from the government & can now open official OPPO stores in India!
Know more: h…",,,48.0,9.1584930733229261E17
10/5/17 3:00 PM,"Pankaj Chaudhary",7.97447779E8,,-1.0,"en","<a href='http://www.google.com/' rel='nofollow'>Google</a>","I liked a @YouTube video https://t.co/jNe3EEKNjU Tech Talks #312 - Google Pixel 2, Mi Mix 2 India, Oppo Stores, Brain Waste, Online",,,0.0,9.158491260589056E17
10/5/17 3:00 PM,"OPPO Malaysia",2.243241902E9,,-1.0,"en","<a href='https://about.twitter.com/products/tweetdeck' rel='nofollow'>TweetDeck</a>","You can easily take a screenshot just by using 3 fingers swipe! #OPPOR9s 

Learn more: https://t.co/jSVsNH8Hvj https://t.co/c9j9cgaE94",,,0.0,9.1584904055366451E17
10/5/17 2:59 PM,"Chirag",5.7312211E7,"Fashionbyruda",1.42473053E9,"en","<a href='http://twitter.com/download/android' rel='nofollow'>Twitter for Android</a>","@Fashionbyruda @oppomobileindia Does it protect you from malicious attacks and various android exploits? No because… https://t.co/NhhQszDaNo",,,0.0,9.1584894996929741E17
10/5/17 2:59 PM,"Ankita Sahu",9.0073750481440768E17,,-1.0,"en","<a href='http://twitter.com' rel='nofollow'>Twitter Web Client</a>","RT @oppomobileindia: RT with #YourBestDiwaliGift to win an #OPPOF3 & we will donate Rs. 20 per video towards kids cricket education.
T&C- h…",,,2389.0,9.158489195647959E17
10/5/17 2:59 PM,"Siddharth",4.08680652E8,,-1.0,"en","<a href='http://twitter.com' rel='nofollow'>Twitter Web Client</a>","RT @oppomobileindia: RT with #YourBestDiwaliGift to win an #OPPOF3 & we will donate Rs. 20 per video towards kids cricket education.
T&C- h…",,,2389.0,9.1584886141074637E17
10/5/17 2:56 PM,"OPPO Mobile India",2.313218292E9,"TEePp4KTnVoItLh",9.0840614857475686E17,"en","<a href='https://about.twitter.com/products/tweetdeck' rel='nofollow'>TweetDeck</a>","@TEePp4KTnVoItLh Dear ???????, please message us your whole concern so that we can assist you in a better way.

Rishi
OPPO Care",,,0.0,9.1584803510357606E17
10/5/17 2:54 PM,"?",1.77150578E8,,-1.0,"en","<a href='https://about.twitter.com/products/tweetdeck' rel='nofollow'>TweetDeck</a>","RT @techweez: Here's our first impressions of the new OPPO A71 from @OPPO_Kenya:
https://t.co/Z661NalLma https://t.co/uhU6OnF6k3",,,1.0,9.1584767216207053E17
10/5/17 2:53 PM,"Techweez",3.921835E7,,-1.0,"en","<a href='https://about.twitter.com/products/tweetdeck' rel='nofollow'>TweetDeck</a>","Here's our first impressions of the new OPPO A71 from @OPPO_Kenya:
https://t.co/Z661NalLma https://t.co/uhU6OnF6k3",,,1.0,9.1584748423215923E17
10/5/17 2:53 PM,"Rahul Thorat",4.16229982E8,"oppomobileindia",2.313218292E9,"en","<a href='http://twitter.com/download/android' rel='nofollow'>Twitter for Android</a>","@oppomobileindia Very caring company. You are nice towards people. Like you oppo... 
#YourBestDiwaliGift  #OPPOF3",,,0.0,9.1584744438614426E17
10/5/17 2:53 PM,"Bboy Rajat",1.394419362E9,,-1.0,"en","<a href='http://www.google.com/' rel='nofollow'>Google</a>","I liked a @YouTube video https://t.co/ep8Oj5kYqJ Tech Talks #312 - Google Pixel 2, Mi Mix 2 India, Oppo Stores, Brain Waste, Online",,,0.0,9.1584730568477082E17
10/5/17 2:52 PM,"Shobhit Samaria",8.8514261E7,,-1.0,"en","<a href='http://twitter.com/download/android' rel='nofollow'>Twitter for Android</a>","RT @OPPOMobileTN: OPPO has been granted its FDI proposals from the government & can now open official OPPO stores in India!
Know more: http…",,,9.0,9.1584715111610368E17
10/5/17 2:52 PM,"christie_twdfan",2.482121668E9,,-1.0,"en","<a href='http://twitter.com/download/android' rel='nofollow'>Twitter for Android</a>","RT @techweez: OPPO A71: First 24 Hours Impressions https://t.co/rICpjm73DC https://t.co/MEMdCSij0M",,,1.0,9.1584711351002726E17
10/4/17 2:40 PM,"En_b?mbersMidEast",8.5218994535159808E17,,-1.0,"en","<a href='http://twitter.com/download/android' rel='nofollow'>Twitter for Android</a>","RT @Elnellabombers: Got my advance birthday gift from my team! OPPO F3.. @superjanella @OPPOPhilippines Thank you guys!!! ?????? https://t.…",,,24.0,9.1548162717795533E17
10/4/17 2:39 PM,"Harsha",8.0200669776206234E17,,-1.0,"en","<a href='http://twitter.com/download/iphone' rel='nofollow'>Twitter for iPhone</a>","RT @Bee263Jazzy: @Harsha81955284 @oppomobileindia Good, not to far. Did you get lucky with Oppo",,,1.0,9.1548151774847795E17
10/4/17 2:38 PM,"St. Kabir Institute",1.933854776E9,,-1.0,"en","<a href='http://twitter.com' rel='nofollow'>Twitter Web Client</a>","Oppo to set up Rs 2,200-cr smartphone manufacturing unit in Greater Noida https://t.co/2sDmRw0iO5",,,0.0,9.1548133191975322E17
10/4/17 2:38 PM,"Chad Dunsby",7.0051284416124109E17,,-1.0,"en","<a href='https://www.botlibre.com' rel='nofollow'>Bot Libre!</a>","Chinese smartphones maker Oppo cleared to open own stores in India #tech #news https://t.co/W4yspOyIIO",,,0.0,9.1548119818449715E17
10/4/17 2:38 PM,"Sitanshu Desai",8.1530563604506624E17,,-1.0,"en","<a href='http://twitter.com/download/android' rel='nofollow'>Twitter for Android</a>","RT @oppomobileindia: RT with #YourBestDiwaliGift to win an #OPPOF3 & we will donate Rs. 20 per video towards kids cricket education.
T&C- h…",,,2389.0,9.1548117721727795E17
10/4/17 2:38 PM,"Ain Bali JoshLia Fan",8.1009970046454989E17,,-1.0,"en","<a href='http://twitter.com/download/android' rel='nofollow'>Twitter for Android</a>","RT @JoshLiaSquad: OPPO shoot ?

? Faye Mosquera https://t.co/0x5bjx7zEd",,,109.0,9.1548116010452992E17
10/4/17 2:38 PM,"ANNA ROSSINI",3.31781734E8,,-1.0,"en","<a href='http://twitter.com' rel='nofollow'>Twitter Web Client</a>","Mayor Khal Asfour of Bankstown: Tell Sister City, Seoul Yangcheon-gu, S. Korea, That We’re Oppo... https://t.co/b6NnNZ6VUs via @ChangeItalia",,,1.0,9.154811168108503E17
10/4/17 2:36 PM,"Brad Oppo Ebooks",8.6638933875775488E17,,-1.0,"en","<a href='http://127.0.0.1' rel='nofollow'>brad_oppo_ebooks</a>","gey y for a phone call and then messing up those 2 basic lines",,,0.0,9.1548082859501158E17
10/4/17 2:36 PM,"Ashish kumar singh",3.291939427E9,,-1.0,"en","<a href='https://mobile.twitter.com' rel='nofollow'>Twitter Lite</a>","RT @bsindia: .@oppo to set up Rs 2,200-cr smartphone manufacturing unit in Greater Noida https://t.co/I81SOjct6o https://t.co/ptSC05hlCd",,,2.0,9.1548076920360141E17
10/4/17 2:36 PM,"JoshLiaSquad Pasig",8.5472655785995469E17,,-1.0,"en","<a href='http://twitter.com/download/iphone' rel='nofollow'>Twitter for iPhone</a>","RT @JoshLiaSquad: OPPO shoot ?

? Faye Mosquera https://t.co/0x5bjx7zEd",,,109.0,9.154807636880425E17
10/4/17 2:36 PM,"Santhosh Soans",7.4885046083702784E17,"oppomobileindia",2.313218292E9,"en","<a href='http://twitter.com/download/android' rel='nofollow'>Twitter for Android</a>","@oppomobileindia Big wish too win ??????

#YourBestDiwaliGift 
#OPPOF3 
#Oppo",,,0.0,9.1548071169975091E17
10/4/17 2:36 PM,"New World",3.404574633E9,,-1.0,"en","<a href='http://www.google.com/' rel='nofollow'>Google</a>","[ https://t.co/EpeO6Vg4zx ] Chinese smartphones maker Oppo cleared to open… https://t.co/SyUI3u3na0 | https://t.co/w5k9sEJVOj",,,0.0,9.1548069089187021E17
10/4/17 2:36 PM,"Liverpool PC Repairs",6.36371852E8,,-1.0,"en","<a href='http://www.google.com/' rel='nofollow'>Google</a>","Oppo Gets Approval to Open Its Own Retail Stores in India https://t.co/A0bL7MpxBZ #mobiles",,,0.0,9.1548061728188416E17
10/4/17 2:36 PM,"JoshLiaSquad Pasig",8.5472655785995469E17,,-1.0,"en","<a href='http://twitter.com/download/iphone' rel='nofollow'>Twitter for iPhone</a>","RT @noellealopez: Bought an #OPPO phone here in Malaysia yesterday... Because you know, its my bday and of course, #JoshLia? @JoshLiaMalays…",,,34.0,9.1548061413178982E17
10/4/17 2:36 PM,"Santhosh Soans",7.4885046083702784E17,"oppomobileindia",2.313218292E9,"en","<a href='http://twitter.com/download/android' rel='nofollow'>Twitter for Android</a>","@oppomobileindia Rt done #YourBestDiwaliGift 
#OPPOF3 
#Oppo",,,0.0,9.1548061408560333E17
10/4/17 2:36 PM,"Akira s/o  nagababu",4.834018631E9,,-1.0,"en","<a href='http://twitter.com/download/android' rel='nofollow'>Twitter for Android</a>","RT @oppomobileindia: RT with #YourBestDiwaliGift to win an #OPPOF3 & we will donate Rs. 20 per video towards kids cricket education.
T&C- h…",,,2389.0,9.1548061156074291E17
10/4/17 2:35 PM,"Kenyans.co.ke",3.8737371E7,,-1.0,"en","<a href='http://www.hootsuite.com' rel='nofollow'>Hootsuite</a>","The phone that gives you the best value for your money is here. Get the #OPPOA71KE at Ksh.19,900 in @SafaricomLtd s… https://t.co/7CUPh237HN",,,0.0,9.1548037401225626E17
10/4/17 2:35 PM,"Business Standard",4.3855487E7,,-1.0,"en","<a href='https://about.twitter.com/products/tweetdeck' rel='nofollow'>TweetDeck</a>",".@oppo to set up Rs 2,200-cr smartphone manufacturing unit in Greater Noida https://t.co/I81SOjct6o https://t.co/ptSC05hlCd",,,2.0,9.1548035669794406E17
10/4/17 2:34 PM,"JoseWorks",3.415967385E9,,-1.0,"en","<a href='https://frozen-mountain-2200.herokuapp.com' rel='nofollow'>jose_tweeter</a>","Oppo Gets Approval to Open Its Own Retail Stores in India https://t.co/KHiVBAk8RS",,,0.0,9.1548034383416934E17
10/4/17 2:34 PM,"Sagar Gupta",9.74494327E8,,-1.0,"en","<a href='https://ifttt.com' rel='nofollow'>IFTTT</a>","Chinese smartphones maker Oppo cleared to open own stores in India https://t.co/rzhBJRrOqD",,,0.0,9.1548015813563597E17
10/4/17 2:33 PM,"Consumer Products",6.19756651E8,,-1.0,"en","<a href='https://dlvrit.com/' rel='nofollow'>dlvr.it</a>","Chinese smartphones maker Oppo cleared to open own stores in India - Reuters https://t.co/gQmSeKx3ST",,,0.0,9.1547988018725683E17
10/4/17 2:32 PM,"Charlie Thuillier",1.16458047E8,,-1.0,"en","<a href='http://twitter.com/download/iphone' rel='nofollow'>Twitter for iPhone</a>","RT @OppoIceCream: WIN FREE #IceCream - Fed up of uninspired, boring desserts? Tweet us a snap of your #DisappointingDesserts and you could…",,,16.0,9.1547978300120678E17
10/4/17 2:32 PM,"Saeed Aslam Raja",1.3397606E8,"tribuneblogs",4.52891608E8,"en","<a href='http://twitter.com/download/iphone' rel='nofollow'>Twitter for iPhone</a>","@tribuneblogs @razaraja So what's the prob, in Sindh, govt n oppo both liberal/secular parties. All is hunky dory",,,0.0,9.1547964740354458E17
10/4/17 2:31 PM,"Saiprasad Bagrecha",1.57237096E8,,-1.0,"en","<a href='https://www.indiantaxhome.com' rel='nofollow'>IndianTaxHome</a>","https://t.co/8tH17rX6fD
,Chinese smartphones maker Oppo cleared to open own stores in India https://t.co/PaODj3Rk89",,,0.0,9.1547950647477862E17
10/4/17 2:31 PM,"Vishal Shah ?",1.30760193E8,,-1.0,"en","<a href='https://ifttt.com' rel='nofollow'>IFTTT</a>","Chinese smartphones maker Oppo cleared to open own stores in India https://t.co/v7wxiK8K0d",,,0.0,9.154794198584279E17
10/4/17 2:31 PM,"Indian 24 News",3.027306828E9,,-1.0,"en","<a href='http://www.indian24news.com' rel='nofollow'>indian24-haberG?nderici-3</a>","Oppo a Chinese Smartphones Maker Cleared to Open Own Stores in India https://t.co/XPvhlOoBQp #news #Technology https://t.co/Qe9Rn1M29n",,,0.0,9.1547941969478861E17
10/4/17 2:30 PM,"#IndiaBiz ??",1.111183226E9,,-1.0,"en","<a href='http://www.business-support-network.org/indiabiz' rel='nofollow'>Indian Business news</a>","Chinese smartphones maker Oppo cleared to open own stores in India https://t.co/IYXVvX22Eg #india #indiabiz",,,0.0,9.1547929307294515E17
10/4/17 2:30 PM,"Matthew Elefant",1.8244001E7,,-1.0,"en","<a href='http://www.hootsuite.com' rel='nofollow'>Hootsuite</a>","New Feed Chinese smartphones maker Oppo cleared to open own stores in India https://t.co/B0i92qYCui",,,0.0,9.1547927307457741E17
10/4/17 2:30 PM,"Now Lifestyle",8.773622376058921E17,,-1.0,"en","<a href='http://www.hootsuite.com' rel='nofollow'>Hootsuite</a>","Chinese smartphones maker Oppo cleared to open own stores in India https://t.co/EjKJezb5FM",,,0.0,9.1547923564453478E17
10/4/17 2:30 PM,"Don Bradley",8.8941946E7,,-1.0,"en","<a href='http://lascomsolutions.co.uk' rel='nofollow'>LascomTweets2.0</a>","Chinese smartphones maker Oppo cleared to open own stores in India #BT https://t.co/7l2E3yJifa",,,0.0,9.1547914159572992E17
10/4/17 2:29 PM,"U.S. News",3.435662458E9,,-1.0,"en","<a href='http://www.google.com/' rel='nofollow'>Google</a>","[ https://t.co/6r96HQOfON ] Chinese smartphones maker Oppo cleared to open… https://t.co/dprA1otwAP | https://t.co/UgSixeZiDA",,,0.0,9.1547901175264461E17
10/4/17 2:29 PM,"GSM HelpFul",7.7054649140020019E17,,-1.0,"en","<a href='http://www.google.com/' rel='nofollow'>Google</a>","How to Remove Pattern Lock Oppo A71 (CPH1717) & Flash file or Flash tool: https://t.co/u4leQtNuuV via @YouTube",,,0.0,9.1547897390323712E17
10/4/17 2:29 PM,"GSM HelpFul",7.7054649140020019E17,,-1.0,"en","<a href='http://www.google.com/' rel='nofollow'>Google</a>","I added a video to a @YouTube playlist https://t.co/u4leQtNuuV How to Remove Pattern Lock Oppo A71 (CPH1717) & Flash file or Flash",,,0.0,9.1547895493241242E17
10/4/17 2:29 PM,"Stock News Paper",8.8274716633017139E17,,-1.0,"en","<a href='http://botextra.com/' rel='nofollow'>Botexta Twitter 4</a>","'Chinese smartphones maker Oppo cleared to open own stores in India' has been added to my site. Please visit for de… https://t.co/5SONg5xNQY",,,0.0,9.1547894405651251E17
10/4/17 2:29 PM,"Elif ?afak G?ven",2.800675761E9,,-1.0,"en","<a href='http://twitter.com' rel='nofollow'>Twitter Web Client</a>","Chinese smartphones maker Oppo cleared to open own stores in India https://t.co/wOForUnBrL",,,0.0,9.1547891728423322E17
10/4/17 2:28 PM,"My friend",4.246064632E9,,-1.0,"en","<a href='http://www.google.com/' rel='nofollow'>Google</a>","[ https://t.co/Gk5S98WXW6 ] Chinese smartphones maker Oppo cleared to open… https://t.co/XscawUvfuc | https://t.co/epFgN58E4g",,,0.0,9.1547879761238835E17
10/4/17 2:28 PM,"Stock News Paper",8.8274716633017139E17,,-1.0,"en","<a href='http://botextra.com/' rel='nofollow'>Botexta Twitter 4</a>","'Chinese smartphones maker Oppo cleared to open own stores in India' has been added to my site. Please visit for de… https://t.co/kePdckoVx3",,,0.0,9.1547869150908826E17
10/4/17 2:27 PM,"Saleh - ???? ???????",2.01013673E8,,-1.0,"en","<a href='https://dlvrit.com/' rel='nofollow'>dlvr.it</a>","Chinese smartphones maker Oppo cleared to open own stores in India: MUMBAI (Reuters) - India has…… https://t.co/5cTCkQdOL5",,,0.0,9.154783750278103E17
10/4/17 2:25 PM,"Sydney Stanback",6.18752684E8,,-1.0,"en","<a href='http://twitter.com/download/android' rel='nofollow'>Twitter for Android</a>","RT @Reach1SocMedia: ?@Gadgets360: Oppo Gets Approval to Open Its Own Retail Stores in India https://t.co/rqMqMXuaVA",,,1.0,9.1547801753056461E17
10/4/17 2:25 PM,"Yazdgerd J Bilimoria",3.95791785E8,,-1.0,"en","<a href='http://twitter.com/download/android' rel='nofollow'>Twitter for Android</a>","RT @Subhayan_ism: Govt allows #Chinese #smartphone maker #Oppo to open stores, approves #FDI request in #retail trading. @bsindia 

 https:…",,,3.0,9.154779778229289E17
10/4/17 2:25 PM,"?AnimeAviNotis?",2.778535429E9,,-1.0,"en","<a href='http://twitter.com/download/iphone' rel='nofollow'>Twitter for iPhone</a>","RT @spoonfulofdodie: in case you thought it couldn’t get any better https://t.co/zETbA39e9r",,,43667.0,9.1547792385913651E17
10/4/17 2:24 PM,"Finance Follow",5.70789542E8,,-1.0,"en","<a href='http://financefollow.com' rel='nofollow'>Finance Follow</a>","Chinese smartphones maker Oppo cleared to open own stores in India https://t.co/P9HUFKDecr MUMBAI (Reuters) - India has approved",,,0.0,9.1547777335078912E17
10/4/17 2:23 PM,"Govind Parmar",2.848414154E9,,-1.0,"en","<a href='http://twitter.com/download/android' rel='nofollow'>Twitter for Android</a>","RT @oppomobileindia: RT with #YourBestDiwaliGift to win an #OPPOF3 & we will donate Rs. 20 per video towards kids cricket education.
T&C- h…",,,2389.0,9.1547738681621709E17
10/4/17 2:23 PM,"Ayaz Ahmad",9.100743666033623E17,,-1.0,"en","<a href='http://twibble.io' rel='nofollow'>Twibble.io</a>","Chinese smartphones maker Oppo cleared to open own stores in India https://t.co/m0DfC8rO0M | ? by… https://t.co/3ctImTbDDq",,,0.0,9.1547737349106074E17
10/4/17 2:21 PM,"#YourBestDiwaliGift",5.65243375E8,"oppomobileindia",2.313218292E9,"en","<a href='http://twitter.com/download/android' rel='nofollow'>Twitter for Android</a>","@oppomobileindia Hope to get a birthday gift from ur side team?
?#YourBestDiwaliGift  #OPPOF3 ?
OPPO????OPPO???????… https://t.co/diT2pSVyra",,,0.0,9.1547692614754714E17
10/4/17 2:21 PM,"Tech Jollof",7.7740306957540147E17,,-1.0,"en","<a href='https://techjollof.com/' rel='nofollow'>TechJollof</a>","Chinese smartphones maker Oppo cleared to open own stores in India - https://t.co/i83UfoKBv0 @techjollof",,,0.0,9.1547683537442816E17
10/4/17 2:20 PM,"@mariuskarma",5.86887461E8,,-1.0,"en","<a href='https://ifttt.com' rel='nofollow'>IFTTT</a>","ReutersTech: Chinese smartphones maker Oppo cleared to open own stores in India https://t.co/6cqsuRcRSD https://t.co/ZoSrbtRQO9",,,0.0,9.1547662486230221E17
10/4/17 2:18 PM,"ProjectsToday",7.34896146E8,"oppomobileindia",2.313218292E9,"en","<a href='http://twitter.com' rel='nofollow'>Twitter Web Client</a>","@oppomobileindia planning an #investment of Rs. 2, 200 Cr in a phone manufacturing facility in the country… https://t.co/oDsJ2nZem8",,,0.0,9.1547620738633728E17
10/4/17 2:17 PM,"Yannick Lontchi",1.4890044E7,,-1.0,"en","<a href='https://dlvrit.com/' rel='nofollow'>dlvr.it</a>","Chinese smartphones maker Oppo cleared to open own stores in India https://t.co/qEm890az5o https://t.co/XEkzu72HwU",,,0.0,9.1547585592459264E17
10/4/17 2:15 PM,"SG TasteMakers",2.236207812E9,,-1.0,"en","<a href='https://ifttt.com' rel='nofollow'>IFTTT</a>","India has approved smartphones maker Oppo's request to open single-brand retail stores in the country, paving the way for the Chinese firm …",,,0.0,9.1547554743784653E17
10/4/17 2:15 PM,"Naam Hai Shahenshah",7.8436280250907443E17,,-1.0,"en","<a href='https://dlvrit.com/' rel='nofollow'>dlvr.it</a>","Chinese smartphones maker Oppo cleared to open own stores in India https://t.co/kWr5dlxJFP https://t.co/xv3CJ9iwq7",,,0.0,9.1547547539630899E17
10/4/17 2:15 PM,"Mahesh Parekh",9.0903771434695885E17,,-1.0,"en","<a href='http://twibble.io' rel='nofollow'>Twibble.io</a>","Chinese smartphones maker Oppo cleared to open own stores in India https://t.co/dt87UwfNiL | ? by… https://t.co/vQ6u8bilJf",,,0.0,9.1547544439632691E17
10/4/17 2:15 PM,"Reach1SocialMedia?",2.419955899E9,,-1.0,"en","<a href='http://www.hootsuite.com' rel='nofollow'>Hootsuite</a>","?@Gadgets360: Oppo Gets Approval to Open Its Own Retail Stores in India https://t.co/rqMqMXuaVA",,,1.0,9.1547543619654861E17
10/4/17 2:15 PM,"Entirely Tech",7.2214031414475162E17,,-1.0,"en","<a href='http://www.hootsuite.com' rel='nofollow'>Hootsuite</a>","#entirely #tech Chinese smartphones maker Oppo cleared to open own stores in India https://t.co/H2tTmM3QSq",,,0.0,9.1547540345582797E17
10/4/17 2:14 PM,"Jeevan Jaiswal",9.0459037672333312E17,,-1.0,"en","<a href='http://twibble.io' rel='nofollow'>Twibble.io</a>","Chinese smartphones maker Oppo cleared to open own stores in India https://t.co/Q3wOquek8x | ? by… https://t.co/6NBjKhs01M",,,0.0,9.1547527625518694E17
10/4/17 2:14 PM,"Stephanie",7.5950448956914483E17,,-1.0,"en","<a href='https://mobile.twitter.com' rel='nofollow'>Twitter Lite</a>","RT @DavidMDrucker: Could @realDonaldTrump waver on strong support for 2nd Amend/oppo to tightening gun control? He did briefly in 2016: htt…",,,43.0,9.1547523809958707E17
10/4/17 2:14 PM,"OPPO Mobile India",2.313218292E9,"Aditya_G104",8.8647284417088717E17,"en","<a href='https://about.twitter.com/products/tweetdeck' rel='nofollow'>TweetDeck</a>","@Aditya_G104 Dear Aditya, we have already followed you.

Rishi
OPPO Care",,,0.0,9.1547511499678106E17
10/4/17 2:13 PM,"Ayan Banerjee",7.9986318763408179E17,,-1.0,"en","<a href='http://twitter.com/download/android' rel='nofollow'>Twitter for Android</a>","RT @Gadgets360: China Smartphone Maker Oppo Cleared to Open Own Stores in India https://t.co/wwNOXJYI9G",,,9.0,9.1547487257001574E17
10/4/17 2:13 PM,"Marco Ferrer",3.959418797E9,,-1.0,"en","<a href='https://dlvrit.com/' rel='nofollow'>dlvr.it</a>","Chinese smartphones maker Oppo cleared to open own stores in India https://t.co/7j86da80lf #blog https://t.co/PCud1kTtM9",,,0.0,9.154748632334377E17
10/4/17 2:11 PM,"News Eleven",4.816684574E9,,-1.0,"en","<a href='http://publicize.wp.com/' rel='nofollow'>WordPress.com</a>","Oppo Gets Approval to Open Its Own Retail Stores in India https://t.co/zNfBYL0dYX https://t.co/OTJuRHZbFp",,,0.0,9.1547453353189376E17
10/4/17 2:11 PM,"???(??? )?'",8.5092310346289971E17,,-1.0,"en","<a href='https://twitter.com/Trialanderror_v' rel='nofollow'>kuro?(??? )?' </a>","Chinese smartphones maker Oppo cleared to open own stores in India https://t.co/pbmmuuGPXb",,,0.0,9.154743539023872E17
10/4/17 2:11 PM,"Biela?",8.8856413104069837E17,,-1.0,"en","<a href='http://twitter.com/download/android' rel='nofollow'>Twitter for Android</a>","RT @broluah: Casing RM18
Iphone, Samsung, Oppo, Xiaomi, Huawei, Vivo

1 RM18, Buy 3 FREE 1 casing + FREE gift

017-3711303
IG: hrc_malaysia…",,,132.0,9.1547433313633894E17
10/4/17 2:09 PM,"Investing.com India",8.133456589586473E17,,-1.0,"en","<a href='http://twitter.com' rel='nofollow'>Twitter Web Client</a>","The move would help #Oppo expand its reach in the world's third-largest smartphones market - https://t.co/BF1NeOnvrk",,,0.0,9.1547403804198502E17
10/4/17 2:08 PM,"CnnFoxMsn.Com",8.8885716553194291E17,,-1.0,"en","<a href='http://publicize.wp.com/' rel='nofollow'>WordPress.com</a>","Oppo Gets Approval to Open Its Own Retail Stores in India https://t.co/Osw66kkklh https://t.co/XWt0opmkIY",,,0.0,9.1547369601751859E17
10/4/17 2:08 PM,"Channel NewsAsia",3.840013E7,,-1.0,"en","<a href='https://dlvrit.com/' rel='nofollow'>dlvr.it</a>","Chinese smartphones maker Oppo cleared to open own stores in India https://t.co/uxydcq3ha8 https://t.co/f8q4YjZuek",,,3.0,9.154736831787008E17
10/4/17 2:08 PM,"Kailash Joshi",3.9576141E7,,-1.0,"en","<a href='https://dlvrit.com/' rel='nofollow'>dlvr.it</a>","China Smartphone Maker Oppo Cleared to Open Own Stores in India https://t.co/h77ccXnUmO https://t.co/7WINa8zWdQ",,,0.0,9.1547360697239142E17
10/4/17 2:08 PM,"Future Lighting",2.12306E7,,-1.0,"en","<a href='https://dlvrit.com/' rel='nofollow'>dlvr.it</a>","Chinese Smartphones Maker Oppo Cleared to Open Own Stores in India https://t.co/2AbYONN2h2",,,1.0,9.154735739128791E17
10/4/17 2:08 PM,"samarth",2.2878166E7,,-1.0,"en","<a href='http://www.google.com/' rel='nofollow'>Google</a>","Chinese smartphones maker Oppo cleared to open own stores in India https://t.co/1YZNIwbo2J",,,0.0,9.1547356786896896E17
10/4/17 2:07 PM,"BsnssNws",8.355540962707415E17,,-1.0,"en","<a href='https://bsnssnws.com' rel='nofollow'>BsnssNws</a>","Oppo to set up Rs 2,200-cr smartphone manufacturing unit in Greater Noida [0.06]: https://t.co/ZPI463YLwZ https://t.co/SBZzMvzhW3",,,0.0,9.1547351257126502E17
10/4/17 2:06 PM,"chuhaizhou",3.12430861E8,,-1.0,"en","<a href='https://ifttt.com' rel='nofollow'>IFTTT</a>","Chinese smartphones maker Oppo cleared to open own stores in India https://t.co/qkB1DiW4vo",,,0.0,9.1547320941540557E17
10/4/17 2:06 PM,"NDTV",3.7034483E7,,-1.0,"en","<a href='https://about.twitter.com/products/tweetdeck' rel='nofollow'>TweetDeck</a>","RT @Gadgets360: China Smartphone Maker Oppo Cleared to Open Own Stores in India https://t.co/wwNOXJYI9G",,,9.0,9.1547319342252851E17
10/4/17 2:06 PM,"The Oasis Tech Inc",9.1119347596988006E17,,-1.0,"en","<a href='https://ifttt.com' rel='nofollow'>IFTTT</a>","Chinese smartphones maker Oppo cleared to open own stores in India https://t.co/X2EwHvyigG",,,0.0,9.1547319334704333E17
10/4/17 2:06 PM,"Bebalash Media",8.676398446835671E17,,-1.0,"en","<a href='https://ifttt.com' rel='nofollow'>IFTTT</a>","Chinese smartphones maker Oppo cleared to open own stores in India https://t.co/voLthQr4gD",,,0.0,9.1547313109517107E17
10/4/17 2:05 PM,"Seetharama Kotari",8.9740158841898598E17,,-1.0,"en","<a href='http://twitter.com/download/android' rel='nofollow'>Twitter for Android</a>","RT @AnamikaK11: Chinese smartphones maker Oppo cleared to open own stores in India https://t.co/9Ku72kRrc4",,,1.0,9.154728929759232E17
10/4/17 2:05 PM,"Rainbow",7.2041914950411878E17,,-1.0,"en","<a href='http://twitter.com/download/android' rel='nofollow'>Twitter for Android</a>","RT @broluah: Casing RM18
Iphone, Samsung, Oppo, Xiaomi, Huawei, Vivo

1 RM18, Buy 3 FREE 1 casing + FREE gift

017-3711303
IG: hrc_malaysia…",,,132.0,9.1547286582199091E17
10/4/17 2:04 PM,"BsnssNws",8.355540962707415E17,,-1.0,"en","<a href='https://bsnssnws.com' rel='nofollow'>BsnssNws</a>","Chinese smartphones maker Oppo cleared to open own stores in India [0.04]: https://t.co/kQ6HpyH7n2 https://t.co/AGNpV2i1Y3",,,0.0,9.154727514309673E17
10/4/17 2:04 PM,"Biedex",2.078065E7,,-1.0,"en","<a href='http://www.tradebuddy.online/' rel='nofollow'>Tradebudddy.online</a>","New post (Chinese smartphones maker Oppo cleared to open own stores in India By ...) has been published on  -  -… https://t.co/9VVFbVBTJh",,,0.0,9.1547266846337843E17
10/4/17 2:03 PM,"Indian Advocate",3.284291892E9,,-1.0,"en","<a href='http://twitter.com/download/android' rel='nofollow'>Twitter for Android</a>","RT @Subhayan_ism: Govt allows #Chinese #smartphone maker #Oppo to open stores, approves #FDI request in #retail trading. @bsindia 

 https:…",,,3.0,9.1547248148119552E17
10/4/17 2:03 PM,"Patrick",6.6506462E7,,-1.0,"en","<a href='https://ifttt.com' rel='nofollow'>IFTTT</a>","Chinese smartphones maker Oppo cleared to open own stores in India https://t.co/1PFuYn0JWK",,,0.0,9.1547237612879053E17
10/4/17 2:03 PM,"ahlam1399",4.81115459E8,,-1.0,"en","<a href='http://publicize.wp.com/' rel='nofollow'>WordPress.com</a>","Chinese smartphones maker Oppo cleared to open own stores in India https://t.co/T1Mt4lUkvK",,,0.0,9.1547234038915482E17
10/4/17 2:02 PM,"PICK POSTS ",3.040347807E9,,-1.0,"en","<a href='http://publicize.wp.com/' rel='nofollow'>WordPress.com</a>","Chinese smartphones maker Oppo cleared to open own stores in India https://t.co/vbLUhctMal",,,0.0,9.1547223896665702E17
10/4/17 2:02 PM,"Anamika K",9.0719401784619827E17,,-1.0,"en","<a href='https://ifttt.com' rel='nofollow'>IFTTT</a>","Chinese smartphones maker Oppo cleared to open own stores in India https://t.co/9Ku72kRrc4",,,1.0,9.1547214003984384E17
10/4/17 2:02 PM,"RetailLending.com",3.35767585E8,,-1.0,"en","<a href='https://ifttt.com' rel='nofollow'>IFTTT</a>","Chinese smartphones maker Oppo cleared to open own stores in India https://t.co/YaMBslt1Ww",,,0.0,9.1547210137250611E17
10/4/17 2:02 PM,"Hari",3.1437354E8,,-1.0,"en","<a href='http://twitter.com/download/android' rel='nofollow'>Twitter for Android</a>","RT @oppomobileindia: RT with #YourBestDiwaliGift to win an #OPPOF3 & we will donate Rs. 20 per video towards kids cricket education.
T&C- h…",,,2389.0,9.154720545849344E17
10/4/17 2:01 PM,"Amit Misra",2.19903336E8,,-1.0,"en","<a href='https://ifttt.com' rel='nofollow'>IFTTT</a>","Chinese smartphones maker Oppo cleared to open own stores in India https://t.co/d0pBrdVgBk",,,0.0,9.15471936523776E17
10/4/17 2:01 PM,"TechMashBang",8.0481269950703616E17,,-1.0,"en","<a href='https://ifttt.com' rel='nofollow'>IFTTT</a>","Chinese smartphones maker Oppo cleared to open own stores in India https://t.co/hgT1EYxAjV",,,0.0,9.1547190501615616E17
10/4/17 2:01 PM,"swagata ghosh",3.15067625E8,,-1.0,"en","<a href='http://twitter.com/#!/download/ipad' rel='nofollow'>Twitter for iPad</a>","Chinese smartphones maker Oppo cleared to open own stores in India https://t.co/a3xl4pR2JG",,,0.0,9.1547182598273024E17
10/4/17 2:01 PM,"DeshKhabar24",2.734148229E9,,-1.0,"en","<a href='https://ifttt.com' rel='nofollow'>IFTTT</a>","Chinese smartphones maker Oppo cleared to open own stores in India",,,0.0,9.1547181197817037E17
